{

    "metadata" :
    {
        "formatVersion" : 3.1,
        "sourceFile"    : "wheel-cap-low.obj",
        "generatedBy"   : "OBJConverter",
        "vertices"      : 141,
        "faces"         : 140,
        "normals"       : 103,
        "colors"        : 0,
        "uvs"           : 151,
        "materials"     : 0
    },

    "scale" : 1.000000,

    "materials": [	{
	"DbgColor" : 15658734,
	"DbgIndex" : 0,
	"DbgName" : "default"
	}],

    "vertices": [0.086618,0.008670,0.026684,0.086861,0.008670,0.026684,0.086861,0.016491,0.022699,0.086618,0.016491,0.022699,0.086861,0.022699,0.016492,0.086618,0.022699,0.016492,0.086618,0.026684,0.008670,0.086861,0.026684,0.008670,0.086861,0.028057,0.000000,0.086618,0.028057,0.000000,0.086618,-0.022699,0.016491,0.086861,-0.022699,0.016491,0.086861,-0.016492,0.022699,0.086618,-0.016492,0.022699,0.086860,-0.008670,0.026684,0.086618,-0.008670,0.026684,0.086618,0.000000,0.028057,0.086861,0.000000,0.028057,0.086618,-0.022699,-0.016492,0.086861,-0.022699,-0.016492,0.086861,-0.026684,-0.008670,0.086618,-0.026684,-0.008670,0.086861,-0.028057,0.000000,0.086618,-0.028057,0.000000,0.086618,-0.026684,0.008670,0.086861,-0.026684,0.008670,0.086618,0.008670,-0.026684,0.086861,0.008670,-0.026684,0.086861,0.000000,-0.028057,0.086618,0.000000,-0.028057,0.086861,-0.008670,-0.026684,0.086618,-0.008670,-0.026684,0.086618,-0.016491,-0.022699,0.086861,-0.016491,-0.022699,0.086861,0.026684,-0.008670,0.086618,0.026684,-0.008670,0.086860,0.022699,-0.016491,0.086618,0.022699,-0.016491,0.086618,0.016492,-0.022699,0.086861,0.016492,-0.022699,0.090839,0.006503,0.020013,0.090839,0.012369,0.017024,0.089403,0.015360,0.021141,0.089403,0.008075,0.024853,0.090839,0.017024,0.012369,0.089403,0.021141,0.015360,0.090839,0.020013,0.006503,0.090839,0.021043,0.000000,0.089403,0.026132,0.000000,0.089403,0.024853,0.008075,0.090839,-0.017024,0.012369,0.090839,-0.012369,0.017024,0.089403,-0.015360,0.021141,0.089403,-0.021141,0.015360,0.090839,-0.006503,0.020013,0.089403,-0.008075,0.024853,0.090839,0.000000,0.021043,0.089403,0.000000,0.026132,0.090839,-0.017024,-0.012369,0.090839,-0.020013,-0.006503,0.089403,-0.024853,-0.008075,0.089403,-0.021141,-0.015360,0.090839,-0.021043,0.000000,0.089403,-0.026132,0.000000,0.090839,-0.020013,0.006503,0.089403,-0.024853,0.008075,0.090839,0.006503,-0.020013,0.090839,0.000000,-0.021043,0.089403,0.000000,-0.026132,0.089403,0.008075,-0.024853,0.090839,-0.006503,-0.020013,0.089403,-0.008075,-0.024853,0.090839,-0.012369,-0.017024,0.089403,-0.015360,-0.021141,0.090839,0.020013,-0.006503,0.089403,0.024853,-0.008075,0.090839,0.017024,-0.012369,0.089403,0.021141,-0.015360,0.090839,0.012369,-0.017024,0.089403,0.015360,-0.021141,0.092252,0.004335,0.013342,0.092252,0.008246,0.011349,0.093100,0.002167,0.006671,0.093100,0.004123,0.005675,0.093382,0.000000,0.000000,0.092252,0.011349,0.008246,0.093100,0.005675,0.004123,0.092252,0.013342,0.004335,0.092252,0.014028,0.000000,0.093100,0.006671,0.002168,0.093100,0.007014,0.000000,0.092252,-0.011349,0.008246,0.092252,-0.008246,0.011349,0.093100,-0.005675,0.004123,0.093100,-0.004123,0.005675,0.092252,-0.004335,0.013342,0.093100,-0.002168,0.006671,0.092252,0.000000,0.014028,0.093100,0.000000,0.007014,0.092252,-0.011349,-0.008246,0.092252,-0.013342,-0.004335,0.093100,-0.005675,-0.004123,0.093100,-0.006671,-0.002168,0.092252,-0.014028,0.000000,0.093100,-0.007014,0.000000,0.092252,-0.013342,0.004335,0.093100,-0.006671,0.002167,0.092252,0.004335,-0.013342,0.092252,0.000000,-0.014028,0.093100,0.002168,-0.006671,0.093100,0.000000,-0.007014,0.092252,-0.004335,-0.013342,0.093100,-0.002167,-0.006671,0.092252,-0.008246,-0.011349,0.093100,-0.004123,-0.005675,0.092252,0.013342,-0.004335,0.093100,0.006671,-0.002167,0.092252,0.011349,-0.008246,0.093100,0.005675,-0.004123,0.092252,0.008246,-0.011349,0.093100,0.004123,-0.005675,0.088861,0.008670,0.026684,0.088861,0.016491,0.022699,0.088861,0.022699,0.016492,0.088861,0.026684,0.008670,0.088861,0.028057,0.000000,0.088861,-0.022699,0.016491,0.088861,-0.016492,0.022699,0.088860,-0.008670,0.026684,0.088861,0.000000,0.028057,0.088861,-0.022699,-0.016492,0.088861,-0.026684,-0.008670,0.088861,-0.028057,0.000000,0.088861,-0.026684,0.008670,0.088861,0.008670,-0.026684,0.088861,0.000000,-0.028057,0.088861,-0.008670,-0.026684,0.088861,-0.016491,-0.022699,0.088861,0.026684,-0.008670,0.088860,0.022699,-0.016491,0.088861,0.016492,-0.022699],

    "morphTargets": [],

    "morphColors": [],

    "normals": [0,0.309,0.9511,0,0.5878,0.809,0,0.809,0.5878,0,0.9511,0.309,0,1,0,0,-0.809,0.5878,0,-0.5878,0.809,0,-0.309,0.9511,0,0,1,0,-0.809,-0.5878,0,-0.9511,-0.309,0,-1,0,0,-0.9511,0.309,0,0.309,-0.9511,0,0,-1,0,-0.309,-0.9511,0,-0.5878,-0.809,0,0.9511,-0.309,0,0.809,-0.5878,0,0.5878,-0.809,0.9712,0.0736,0.2266,0.9712,0.14,0.1927,0.9625,0.1596,0.2196,0.9625,0.0839,0.2582,0.9712,0.1927,0.14,0.9625,0.2196,0.1596,0.9712,0.2266,0.0736,0.9712,0.2382,0,0.9625,0.2714,0,0.9625,0.2582,0.0839,0.9712,-0.1927,0.14,0.9712,-0.14,0.1927,0.9625,-0.1596,0.2196,0.9625,-0.2196,0.1596,0.9712,-0.0736,0.2266,0.9624,-0.0839,0.2582,0.9712,0,0.2382,0.9625,0,0.2715,0.9712,-0.1927,-0.14,0.9712,-0.2266,-0.0736,0.9625,-0.2582,-0.0839,0.9625,-0.2196,-0.1596,0.9712,-0.2382,0,0.9625,-0.2715,0,0.9712,-0.2266,0.0736,0.9625,-0.2582,0.0839,0.9712,0.0736,-0.2266,0.9712,0,-0.2382,0.9625,0,-0.2714,0.9625,0.0839,-0.2582,0.9712,-0.0736,-0.2266,0.9625,-0.0839,-0.2582,0.9712,-0.14,-0.1927,0.9625,-0.1596,-0.2196,0.9712,0.2266,-0.0736,0.9625,0.2582,-0.0839,0.9712,0.1927,-0.14,0.9625,0.2196,-0.1596,0.9712,0.14,-0.1927,0.9625,0.1596,-0.2196,0.9867,0.0503,0.1547,0.9867,0.0956,0.1316,0.9965,0.026,0.08,0.9965,0.0495,0.0681,1,0,0,0.9867,0.1316,0.0956,0.9965,0.0681,0.0495,0.9867,0.1547,0.0503,0.9867,0.1627,0,0.9965,0.08,0.026,0.9965,0.0842,0,0.9867,-0.1316,0.0956,0.9867,-0.0956,0.1316,0.9965,-0.0681,0.0495,0.9965,-0.0495,0.0681,0.9867,-0.0503,0.1547,0.9965,-0.026,0.08,0.9867,0,0.1627,0.9965,0,0.0842,0.9867,-0.1316,-0.0956,0.9867,-0.1547,-0.0503,0.9965,-0.0681,-0.0495,0.9965,-0.08,-0.026,0.9867,-0.1627,0,0.9965,-0.0842,0,0.9867,-0.1547,0.0503,0.9965,-0.08,0.026,0.9867,0.0503,-0.1547,0.9867,0,-0.1627,0.9965,0.026,-0.08,0.9965,0,-0.0842,0.9867,-0.0503,-0.1547,0.9965,-0.026,-0.08,0.9867,-0.0956,-0.1316,0.9965,-0.0495,-0.0681,0.9867,0.1547,-0.0503,0.9965,0.08,-0.026,0.9867,0.1316,-0.0956,0.9965,0.0681,-0.0495,0.9867,0.0956,-0.1316,0.9965,0.0495,-0.0681,0.9624,0,0.2715,0.9625,-0.2714,0],

    "colors": [],